{"count":1,"gauges":{"3DBall.CumulativeReward":{"count":2,"max":3.39999819,"min":2.199999,"value":3.39999819,"weightedAverage":2.49999881}},"self":11.5716664,"total":11.761815799999999,"children":{"AgentSendState":{"count":437,"self":0.0110195,"total":0.0160154,"children":{"CollectObservations":{"count":1056,"self":0.0049959,"total":0.0049959,"children":null}}},"DecideAction":{"count":437,"self":0.16012679999999999,"total":0.16012679999999999,"children":null},"AgentAct":{"count":437,"self":0.013006,"total":0.013006,"children":null}}}